Domande,Risposte
Quando è nato Caparezza?,Il cantautore Caparezza è nato nel 9 ottobre del 1973.
Qual è stato il primo album di Caparezza?,"Il primo album è stato ""?!"" pubblicato nel 2000."
Qual è l'album più recente?,"L'album più recente è ""EXUVIA"" del 2021."
"In che album è ""La mia parte intollerante""?","La canzone ""La mia parte intollerante"" fa parte dell'album ""Habemus Capa""."
"In che anno è stato pubblicato ""Museica""?","L'album ""Museica"" è stato pubblicato nel 2014."
"Con chi ha collaborato Caparezza per la scrittura della canzone ""Tarantelle pe' campà""?","La canzone ""Tarantelle pe' campà"" viene scritta con i 99 Posse."
Qual è la canzone di maggior successo di Caparezza?,"La canzone ""Vieni a ballare in Puglia"" con il featuring di Albano."
Quanti album ha pubblicato Caparezza?,Ha pubblicato 8 album come Caparezza e 10 considerando il periodo come MikiMix.
Chi è la seconda voce dei concerti di Caparezza?,La seconda voce nei concerti di Caparezza è quella di Diego Perrone.
Qual è il vero nome di Caparezza?,Il vero nome di Caparezza è Michele Salvemini.